Date,SN,Symbol ,Close Price* (Rs) ,Open Price (Rs) ,High Price (Rs) ,Low Price (Rs) ,Total Traded Quantity ,Total Traded Value ,Total Trades ,LTP ,Previous Day Close Price (Rs) ,Average Traded Price (Rs) ,52 Week High (Rs) ,52 Week Low (Rs) ,MarketCapitalization (Rs) (Amt in millions) 
2024-03-12,1,ACLBSL,680.00,630.00,683.00,628.10,"9,573","6,348,114.7",183,680.00(40) ,640.00,663.12,716.30,500.10,"2,496.58"
2024-03-12,2,ADBL,239.70,235.00,239.70,231.20,"34,642","8,161,336.3",257,239.70(8.7) ,231.00,235.59,299.00,223.00,"32,243.66"
2024-03-12,3,ADBLD83,"1,025.00","1,025.00","1,025.00","1,025.00","1,000","1,025,000",3,"1,025.00(0) ","1,025.00","1,025.00","1,144.00",892.20,-
2024-03-12,4,AHL,455.90,446.00,468.00,446.00,"9,758","4,440,977",133,455.90(7.9) ,448.00,455.11,504.00,273.10,"1,550.06"
2024-03-12,5,AHPC,189.50,190.00,193.00,186.00,"70,728","13,312,598.7",421,189.50(2.5) ,187.00,188.22,316.00,176.00,"7,079.58"
2024-03-12,6,AKJCL,229.00,231.40,236.00,227.00,"44,254","10,172,902.9",258,229.00(2.1) ,226.90,229.87,250.00,141.30,"1,832.00"
2024-03-12,7,AKPL,189.90,189.00,194.00,188.00,"115,619","21,949,479.1",549,189.90(4.3) ,185.60,189.84,417.00,152.40,"7,398.39"
2024-03-12,8,ALBSL,700.00,665.00,700.00,661.00,"7,956","5,409,084.6",188,700.00(40) ,660.00,679.87,903.10,543.00,"4,491.31"
2024-03-12,9,ALICL,600.00,566.00,605.90,559.40,"95,380","55,732,925.7",531,600.00(35) ,565.00,584.32,812.00,517.50,"20,399.02"
2024-03-12,10,ANLB,"2,049.00","1,900.00","2,049.00","1,900.00","3,481","6,800,786",107,"2,049.00(136.9) ","1,912.10","1,953.68","2,651.00",403.80,"1,405.04"
2024-03-12,11,API,191.50,190.00,192.50,188.80,"109,798","20,893,921.1",572,191.50(3.5) ,188.00,190.29,269.00,154.70,"11,081.33"
2024-03-12,12,AVYAN,661.00,612.00,673.00,612.00,"21,509","13,923,135.3",406,661.00(49) ,612.00,647.31,807.80,549.00,"1,652.50"
2024-03-12,13,BARUN,256.00,255.00,257.00,250.10,"51,235","13,003,944.8",150,256.00(3.2) ,252.80,253.80,299.00,191.10,"1,371.69"
2024-03-12,14,BBC,"3,993.00","3,993.00","3,995.00","3,866.80",969,"3,822,341",35,"3,993.00(78) ","3,915.00","3,944.62","4,539.00","3,050.00","1,962.16"
2024-03-12,15,BEDC,363.00,360.00,363.00,353.60,"19,018","6,828,247.6",206,363.00(-0.7) ,363.70,359.04,412.90,170.00,"1,974.91"
2024-03-12,16,BFC,345.00,343.00,345.90,337.20,"22,600","7,741,114.6",174,345.00(1.2) ,343.80,342.52,377.00,284.00,"2,949.12"
2024-03-12,17,BGWT,601.00,585.50,601.00,577.10,"14,079","8,275,402",207,601.00(26.9) ,574.10,587.78,710.00,352.00,"3,438.11"
2024-03-12,18,BHDC,478.00,460.10,479.40,460.10,"6,370","3,003,321.5",116,478.00(9) ,469.00,471.47,523.00,286.50,"5,019.00"
2024-03-12,19,BHL,356.00,353.00,360.00,347.10,"11,929","4,194,895.3",157,356.00(3) ,353.00,351.65,394.00,192.70,"6,507.57"
2024-03-12,20,BHPL,495.00,492.00,509.00,492.00,"5,022","2,482,566.8",59,495.00(-4.9) ,499.90,494.33,572.00,304.10,"1,237.50"
2024-03-12,21,BNHC,470.00,489.60,489.60,461.00,"5,305","2,485,411.3",67,470.00(-10) ,480.00,468.50,511.90,270.10,"1,880.00"
2024-03-12,22,BNL,"21,070.00","21,070.00","21,070.00","21,070.00",10,"210,700",1,"21,070.00(-430) ","21,500.00","21,070.00","23,765.60","2,222.20","41,063.05"
2024-03-12,23,BNT,"14,449.00","14,550.00","14,650.00","14,063.00",677,"9,672,310.6",50,"14,449.00(65) ","14,384.00","14,287.01","17,508.00","10,500.00","17,483.29"
2024-03-12,24,BPCL,316.00,314.00,316.40,311.20,"13,741","4,311,640.4",137,316.00(4) ,312.00,313.77,365.00,292.10,"10,772.64"
2024-03-12,25,C30MF,8.35,8.18,8.40,8.18,"2,300","19,122",12,8.35(0.04) ,8.31,8.31,10.00,7.61,626.85
2024-03-12,26,CBBL,889.00,860.00,889.00,855.00,"16,818","14,632,488.6",352,889.00(44) ,845.00,870.04,"1,052.50",727.00,"26,467.06"
2024-03-12,27,CCBD88,"1,010.00","1,002.60","1,010.00","1,002.60",50,"50,315",2,"1,010.00(6.9) ","1,003.10","1,006.30","1,022.90",819.10,-
2024-03-12,28,CFCL,349.00,349.00,353.00,344.10,"15,680","5,469,534.1",88,349.00(6) ,343.00,348.82,423.00,275.50,"3,311.58"
2024-03-12,29,CGH,854.90,840.60,857.40,825.00,"25,533","21,438,924.2",315,854.90(30.7) ,824.20,839.65,"1,520.00",796.20,"13,114.94"
2024-03-12,30,CHCL,481.00,480.90,482.00,470.00,"46,130","21,936,830.4",267,481.00(6) ,475.00,475.54,594.00,452.10,"38,403.03"
2024-03-12,31,CHDC,970.00,979.80,979.90,952.00,"6,363","6,177,113",148,970.00(8.5) ,961.50,970.78,"1,217.20",681.20,"8,142.28"
2024-03-12,32,CHL,308.00,312.90,312.90,301.00,"7,838","2,400,020.5",72,308.00(1.1) ,306.90,306.20,337.00,194.10,"1,191.89"
2024-03-12,33,CIT,"2,163.00","2,169.50","2,169.50","2,134.00","14,215","30,545,207",291,"2,163.00(36) ","2,127.00","2,148.80","2,704.00","1,850.00","114,936.42"
2024-03-12,34,CITY,637.00,612.90,637.00,590.00,"23,974","14,743,495.7",335,637.00(36) ,601.00,614.97,782.50,111.10,"10,663.38"
2024-03-12,35,CKHL,617.20,635.00,635.00,607.00,"13,453","8,311,939.1",267,617.20(-14.8) ,632.00,617.85,686.80,300.00,"2,468.80"
2024-03-12,36,CLI,486.00,463.00,489.50,461.00,"133,782","63,890,280.2","1,976",486.00(27) ,459.00,477.57,567.00,375.00,"19,136.25"
2024-03-12,37,CMF1,8.81,8.52,8.81,8.52,"2,800","24,302",4,8.81(0.13) ,8.68,8.67,9.40,6.96,722.42
2024-03-12,38,CMF2,8.00,8.00,8.00,8.00,600,"4,800",2,8.00(-0.05) ,8.05,8.00,10.39,6.81,448.00
2024-03-12,39,CORBL,435.10,437.00,458.30,426.00,"8,478","3,678,814",49,435.10(3.1) ,432.00,433.92,475.00,277.80,"2,284.28"
2024-03-12,40,CYCL,"1,420.00","1,379.00","1,463.00","1,326.00","29,119","39,795,427",448,"1,420.00(13) ","1,407.00","1,366.64","1,560.00",882.00,"3,783.23"
2024-03-12,41,CZBIL,169.20,167.40,170.00,164.70,"35,471","5,917,286.8",169,169.20(5) ,164.20,166.82,207.80,156.80,"24,028.05"
2024-03-12,42,DDBL,790.00,786.00,794.90,775.00,"10,974","8,637,174.2",186,790.00(15) ,775.00,787.05,913.00,606.70,"12,253.60"
2024-03-12,43,DHPL,204.00,208.80,210.70,203.00,"16,267","3,355,335.1",95,204.00(-0.8) ,204.80,206.26,242.00,134.00,538.56
2024-03-12,44,DLBS,979.00,903.50,"1,013.00",903.50,"8,234","7,826,365.1",151,979.00(57.1) ,921.90,950.49,"1,035.00",579.00,"1,303.05"
2024-03-12,45,DOLTI,416.50,404.80,430.00,404.80,"74,348","30,751,706.4",429,416.50(3.5) ,413.00,413.61,450.00,177.40,"2,234.46"
2024-03-12,46,DORDI,444.50,447.00,455.90,435.20,"27,862","12,284,037.6",328,444.50(-2.6) ,447.10,440.88,576.00,191.60,"4,686.19"
2024-03-12,47,EBL,526.00,524.10,528.00,515.00,"27,965","14,650,158.7",246,526.00(12.1) ,513.90,523.87,633.00,448.00,"61,899.18"
2024-03-12,48,EBLD85,"1,025.00","1,010.10","1,010.10","1,010.10",27,"27,302.5",2,"1,025.00(9.4) ","1,015.60","1,011.20","1,053.60",976.10,-
2024-03-12,49,EDBL,365.00,353.00,374.50,353.00,"5,588","2,022,432",50,365.00(6.5) ,358.50,361.92,399.70,266.40,"4,561.38"
2024-03-12,50,EHPL,457.00,460.00,460.00,440.30,"14,170","6,294,390.9",106,457.00(3.5) ,453.50,444.20,500.00,273.00,"2,833.40"
2024-03-12,51,ENL,792.00,786.00,793.50,778.00,"2,991","2,357,988",61,792.00(9) ,783.00,788.36,"1,060.00",572.00,"4,400.35"
2024-03-12,52,FMDBL,638.00,621.00,652.00,612.00,"28,749","18,118,981.6",343,638.00(26) ,612.00,630.24,781.00,497.20,"7,871.82"
2024-03-12,53,FOWAD,"1,135.00","1,094.40","1,137.00","1,090.00","11,017","12,268,828.5",148,"1,135.00(62) ","1,073.00","1,113.62","1,493.00",974.00,"11,980.65"
2024-03-12,54,GBBD85,908.00,906.20,908.00,906.20,160,"145,057",7,908.00(1.9) ,906.10,906.60,"1,000.00",768.10,-
2024-03-12,55,GBBL,377.00,364.00,381.00,364.00,"28,918","10,864,227.6",244,377.00(6) ,371.00,375.69,432.40,336.00,"21,415.55"
2024-03-12,56,GBD80/81,"1,015.00","1,015.00","1,015.00","1,015.00",50,"50,750",1,"1,015.00(10) ","1,005.00","1,015.00","1,075.00",973.60,"104,651.74"
2024-03-12,57,GBIME,194.00,191.00,195.00,190.60,"76,306","14,691,223.6",444,194.00(3) ,191.00,192.53,241.90,176.00,"70,089.81"
2024-03-12,58,GBLBS,591.00,578.00,595.00,577.00,"21,371","12,554,626.6",245,591.00(24) ,567.00,587.46,673.00,427.00,"5,806.57"
2024-03-12,59,GCIL,563.40,556.00,568.20,547.00,"160,648","89,898,141.1","1,630",563.40(18.3) ,545.10,559.59,614.00,363.10,"25,734.34"
2024-03-12,60,GFCL,453.10,452.00,460.00,450.00,"10,822","4,906,830.6",81,453.10(9.7) ,443.40,453.41,530.00,375.00,"4,286.85"
2024-03-12,61,GHL,156.50,156.50,158.00,153.00,"155,203","24,096,041.1",532,156.50(3) ,153.50,155.25,286.00,120.00,"2,582.25"
2024-03-12,62,GIBF1,8.55,8.14,8.60,8.01,"7,900","66,085",17,8.55(0.25) ,8.30,8.36,9.70,7.20,877.03
2024-03-12,63,GILB,897.00,849.50,900.60,835.00,"14,293","12,543,405.5",201,897.00(64) ,833.00,877.59,"1,110.70",665.10,"5,551.53"
2024-03-12,64,GLBSL,"1,036.00",996.00,"1,058.00",996.00,"2,284","2,338,355.8",51,"1,036.00(42) ",994.00,"1,023.79","1,105.00",589.10,"1,050.50"
2024-03-12,65,GLH,217.60,218.20,226.00,211.00,"37,201","8,076,343.6",261,217.60(3.6) ,214.00,217.10,318.00,194.60,"3,916.80"
2024-03-12,66,GMFBS,895.00,883.90,895.00,870.00,531,"467,516.3",22,895.00(28) ,867.00,880.44,922.00,641.00,"1,356.41"
2024-03-12,67,GMFIL,367.40,360.00,370.00,360.00,"9,424","3,426,138.7",54,367.40(10.4) ,357.00,363.55,427.00,277.00,"3,718.73"
2024-03-12,68,GRDBL,376.00,374.00,379.90,370.10,"9,524","3,566,102.5",89,376.00(1.8) ,374.20,374.43,393.60,235.50,"1,951.44"
2024-03-12,69,GUFL,702.00,684.40,713.80,662.00,"134,207","92,333,001.8",816,702.00(31) ,671.00,687.98,713.80,454.00,"6,093.32"
2024-03-12,70,GVL,447.00,447.00,448.70,436.00,"9,110","4,026,431.8",240,447.00(7) ,440.00,441.97,498.00,299.90,"13,968.75"
2024-03-12,71,GWFD83,"1,130.00","1,125.00","1,130.00","1,125.00",203,"229,075",2,"1,130.00(8) ","1,122.00","1,128.44","1,147.50","1,000.00",-
2024-03-12,72,H8020,9.10,9.34,9.65,9.10,"1,460","13,597.8",11,9.10(-0.24) ,9.34,9.31,10.10,8.30,91.00
2024-03-12,73,HATHY,915.00,955.00,955.00,915.00,"64,932","60,597,723.6",732,915.00(-22) ,937.00,933.24,"1,123.00",279.50,"23,552.10"
2024-03-12,74,HBL,198.30,198.00,199.90,194.20,"46,432","9,119,314.1",255,198.30(4.1) ,194.20,196.40,246.30,184.00,"42,945.07"
2024-03-12,75,HDHPC,145.60,145.80,148.90,144.00,"115,533","16,818,632.1",414,145.60(2.6) ,143.00,145.57,233.40,116.00,"4,076.80"
2024-03-12,76,HDL,"1,618.50","1,560.60","1,634.90","1,560.60","68,949","110,690,011.3","1,624","1,618.50(88.5) ","1,530.00","1,605.38","2,510.00","1,441.00","43,254.79"
2024-03-12,77,HEI,612.00,595.00,615.00,591.00,"55,023","33,172,978.8",297,612.00(21) ,591.00,602.89,705.00,400.60,"15,300.96"
2024-03-12,78,HEIP,366.00,358.00,366.00,358.00,"7,166","2,600,644.6",27,366.00(8) ,358.00,362.91,486.90,245.50,979.07
2024-03-12,79,HHL,335.00,336.60,343.00,323.00,"23,768","7,821,606.8",246,335.00(5) ,330.00,329.08,387.00,170.30,"3,668.25"
2024-03-12,80,HIDCL,182.50,180.00,183.90,178.00,"85,180","15,369,967.2",436,182.50(5.5) ,177.00,180.44,212.00,154.00,"41,565.83"
2024-03-12,81,HIDCLP,103.90,103.90,104.00,102.20,"58,711","6,047,662.8",92,103.90(1.5) ,102.40,103.00,118.00,96.60,10.39
2024-03-12,82,HLBSL,639.10,616.00,644.00,608.00,"13,637","8,589,154.4",199,639.10(35.1) ,604.00,629.84,846.00,519.10,"2,043.96"
2024-03-12,83,HLI,426.00,404.00,426.30,401.00,"216,626","90,031,825.1","1,421",426.00(29) ,397.00,415.60,574.00,340.00,"34,166.83"
2024-03-12,84,HPPL,289.00,286.00,289.00,282.30,"20,207","5,764,433.3",102,289.00(3) ,286.00,285.26,322.00,199.00,"3,079.06"
2024-03-12,85,HRL,635.00,632.40,635.50,620.00,"249,989","157,186,727.7","3,922",635.00(15) ,620.00,628.77,731.00,309.20,"66,040.00"
2024-03-12,86,HURJA,301.00,306.00,306.00,300.00,"42,644","12,893,080.9",150,301.00(-2) ,303.00,302.34,365.00,205.00,"2,979.90"
2024-03-12,87,ICFC,506.00,496.00,506.00,492.20,"30,314","15,162,285.2",205,506.00(13) ,493.00,500.17,552.00,391.00,"5,988.36"
2024-03-12,88,ICFCD83,"1,125.00","1,120.00","1,125.00","1,120.00",371,"416,425",3,"1,125.00(15) ","1,110.00","1,122.43","1,186.00",994.70,-
2024-03-12,89,IGI,569.00,560.00,569.90,552.00,"73,921","41,494,160.9",309,569.00(19) ,550.00,561.33,615.00,366.20,"17,236.91"
2024-03-12,90,IHL,370.20,364.00,377.90,364.00,"31,939","11,897,983",255,370.20(-0.5) ,370.70,372.52,395.00,200.20,"2,221.20"
2024-03-12,91,ILBS,755.90,729.90,755.90,725.50,"14,479","10,748,558.6",175,755.90(30.4) ,725.50,742.35,827.00,537.00,"3,759.97"
2024-03-12,92,ILI,558.00,530.00,569.00,530.00,"97,113","54,075,966.1","1,778",558.00(24) ,534.00,556.83,640.60,444.00,"22,320.00"
2024-03-12,93,JALPA,"1,263.20","1,171.20","1,263.20","1,171.20","8,129","10,189,180.7",259,"1,263.20(114.8) ","1,148.40","1,253.43","2,424.00",920.00,"2,309.13"
2024-03-12,94,JBBD87,910.00,910.00,910.00,910.00,25,"22,750",1,910.00(-19) ,929.00,910.00,"1,000.00",805.00,-
2024-03-12,95,JBBL,306.00,300.00,306.00,298.30,"61,236","18,502,050",286,306.00(8) ,298.00,302.14,357.00,249.10,"13,451.11"
2024-03-12,96,JBLB,"1,400.00","1,341.30","1,400.00","1,341.00","11,117","15,314,704.6",439,"1,400.00(85) ","1,315.00","1,377.59","1,965.00","1,205.00","18,865.26"
2024-03-12,97,JFL,380.00,377.00,384.40,370.00,"15,511","5,864,096.2",126,380.00(9.8) ,370.20,378.06,441.00,316.70,"2,623.80"
2024-03-12,98,JOSHI,337.00,345.00,355.00,331.30,"225,308","76,022,832.7",928,337.00(-5) ,342.00,337.41,412.00,182.10,"1,251.62"
2024-03-12,99,JSLBB,995.50,922.90,995.50,922.90,"7,199","7,007,471.2",209,995.50(90.5) ,905.00,973.39,"1,226.90",785.00,"1,693.26"
2024-03-12,100,KBL,147.00,147.90,147.90,143.20,"139,814","20,283,987.9",485,147.00(2) ,145.00,145.07,195.80,138.30,"38,552.02"
2024-03-12,101,KBLD89,"1,050.00","1,050.00","1,050.00","1,050.00",25,"26,250",1,"1,050.00(20) ","1,030.00","1,050.00","1,098.00","1,000.00",-
2024-03-12,102,KBSH,"1,041.00","1,025.00","1,065.90","1,003.70",960,"991,130",34,"1,041.00(36) ","1,005.00","1,032.42","1,210.00",479.00,"1,268.64"
2024-03-12,103,KDBY,8.78,8.44,8.83,8.44,"24,090","210,944.9",49,8.78(0.17) ,8.61,8.75,10.07,7.24,35.12
2024-03-12,104,KDL,830.00,811.00,830.00,800.00,"8,195","6,699,620.5",166,830.00(34) ,796.00,817.52,"1,102.00",134.40,"4,980.00"
2024-03-12,105,KEF,8.15,7.90,8.30,7.90,"67,760","555,884.4",41,8.15(0.15) ,8.00,8.20,10.35,6.91,815.00
2024-03-12,106,KKHC,254.90,249.90,255.00,245.00,"20,403","5,120,661.9",141,254.90(9.9) ,245.00,250.97,280.50,158.00,"1,187.11"
2024-03-12,107,KLBSL,903.00,865.10,918.00,864.00,"5,829","5,237,589.5",86,903.00(39.5) ,863.50,898.53,"1,054.10",539.00,"4,554.43"
2024-03-12,108,KMCDB,752.00,717.00,773.70,710.00,"17,350","12,924,337.3",204,752.00(48.6) ,703.40,744.91,810.00,526.00,"2,799.86"
2024-03-12,109,KPCL,414.70,422.00,422.20,404.00,"6,165","2,520,293.2",65,414.70(0.7) ,414.00,408.80,476.00,272.40,"3,619.71"
2024-03-12,110,KRBL,379.00,377.70,379.90,370.40,"8,863","3,323,780.9",66,379.00(8.7) ,370.30,375.01,418.00,241.10,"1,905.73"
2024-03-12,111,KSBBL,358.00,355.00,360.00,351.30,"44,384","15,837,030.3",193,358.00(8) ,350.00,356.81,382.00,275.00,"11,746.57"
2024-03-12,112,KSBBLD87,913.00,912.20,913.00,912.20,125,"114,045",2,913.00(-7) ,920.00,912.36,"1,000.00",880.00,-
2024-03-12,113,LBBL,392.10,393.80,399.60,388.00,"15,545","6,116,692.9",103,392.10(6) ,386.10,393.48,454.00,305.00,"13,794.60"
2024-03-12,114,LEC,198.70,199.90,203.00,196.20,"44,530","8,825,742.4",254,198.70(2.7) ,196.00,198.19,299.80,138.00,"2,980.50"
2024-03-12,115,LEMF,9.58,9.36,9.58,9.36,"18,145","171,909.95",10,9.58(0.18) ,9.40,9.47,10.00,7.87,"1,197.50"
2024-03-12,116,LICN,"1,415.00","1,397.00","1,415.30","1,367.00","7,888","10,999,399.3",99,"1,415.00(45) ","1,370.00","1,394.44","1,800.00","1,238.00","37,542.78"
2024-03-12,117,LLBS,849.00,814.00,849.00,799.00,"4,946","4,079,474.8",69,849.00(50.5) ,798.50,824.80,932.00,580.00,"3,749.71"
2024-03-12,118,LSL,165.60,162.10,165.60,162.10,"45,451","7,481,329.6",138,165.60(3.5) ,162.10,164.60,208.00,157.00,"38,397.93"
2024-03-12,119,LUK,8.43,8.26,8.43,8.26,"9,800","82,549",6,8.43(0.03) ,8.40,8.42,9.61,7.49,550.16
2024-03-12,120,LVF2,7.76,7.59,7.77,7.59,"1,300","10,026",12,7.76(0.04) ,7.72,7.71,10.00,7.09,620.80
2024-03-12,121,MAKAR,403.00,397.10,409.00,397.10,"25,069","10,094,144",206,403.00(-1.9) ,404.90,402.65,454.00,213.10,"3,062.80"
2024-03-12,122,MANDU,702.90,672.10,702.90,672.00,"15,680","10,801,165.5",228,702.90(24.9) ,678.00,688.84,805.80,373.20,"9,585.00"
2024-03-12,123,MBJC,324.00,328.00,329.00,319.00,"37,834","12,238,467.1",471,324.00(0) ,324.00,323.47,376.30,246.00,"19,440.00"
2024-03-12,124,MBL,187.00,183.00,189.40,181.60,"61,487","11,356,274.5",257,187.00(5.2) ,181.80,184.69,283.00,174.60,"21,731.94"
2024-03-12,125,MBLD87,903.00,903.00,903.00,903.00,30,"27,090",1,903.00(-7) ,910.00,903.00,"1,000.00",900.00,-
2024-03-12,126,MCHL,345.00,347.00,347.30,337.40,"21,934","7,487,735.2",215,345.00(4) ,341.00,341.37,389.00,165.20,"1,871.91"
2024-03-12,127,MDB,403.00,395.00,406.00,395.00,"6,442","2,599,440.1",73,403.00(5.9) ,397.10,403.51,449.80,350.30,"4,479.05"
2024-03-12,128,MEHL,301.10,307.50,307.50,298.00,"19,126","5,772,681.9",331,301.10(-0.4) ,301.50,301.82,338.00,175.00,"2,408.80"
2024-03-12,129,MEL,224.00,226.40,227.00,220.00,"48,956","10,904,179",680,224.00(2) ,222.00,222.73,275.40,149.00,"6,496.00"
2024-03-12,130,MEN,641.00,637.00,650.00,637.00,"173,100","111,156,224.7","1,152",641.00(9.1) ,631.90,642.15,"1,092.00",429.90,"12,615.05"
2024-03-12,131,MERO,594.10,572.00,600.00,569.10,"12,832","7,478,600.1",175,594.10(28.1) ,566.00,582.80,728.00,463.30,"7,842.12"
2024-03-12,132,MFIL,520.00,504.90,525.00,504.90,"18,074","9,391,569.9",139,520.00(4.8) ,515.20,519.61,587.00,410.00,"7,028.08"
2024-03-12,133,MFLD85,948.80,948.80,948.80,948.80,15,"14,232",1,948.80(18.6) ,930.20,948.80,"1,015.00",821.00,-
2024-03-12,134,MHCL,463.00,480.00,480.00,457.70,"57,946","26,974,358.3",531,463.00(-12) ,475.00,465.50,637.00,141.00,"3,715.57"
2024-03-12,135,MHL,408.90,412.00,412.00,398.00,"8,009","3,234,813",127,408.90(2.9) ,406.00,403.89,478.00,242.10,"2,518.70"
2024-03-12,136,MHNL,255.50,256.90,256.90,249.00,"18,174","4,598,084.7",86,255.50(3.5) ,252.00,253.00,315.00,169.00,"3,193.75"
2024-03-12,137,MKCL,979.00,954.00,980.00,952.10,"15,222","14,714,000.9",417,979.00(25) ,954.00,966.62,"1,319.50",178.80,"6,853.00"
2024-03-12,138,MKHC,303.10,306.00,310.00,298.60,"30,058","9,090,921.7",303,303.10(0.1) ,303.00,302.44,367.50,174.40,"3,031.00"
2024-03-12,139,MKHL,385.00,374.00,387.00,371.00,"16,969","6,424,760",247,385.00(11) ,374.00,378.61,420.90,224.00,"1,509.80"
2024-03-12,140,MKJC,506.00,514.00,521.00,495.00,"6,258","3,180,688",107,506.00(2) ,504.00,508.25,592.00,293.20,"1,862.80"
2024-03-12,141,MKLB,749.00,750.00,765.00,720.10,"2,268","1,663,541.5",65,749.00(10) ,739.00,733.48,847.00,526.20,"1,112.10"
2024-03-12,142,MLBBL,862.00,840.00,862.90,823.20,"9,537","8,041,452.3",90,862.00(37) ,825.00,843.18,"1,090.00",657.00,"1,689.54"
2024-03-12,143,MLBL,339.90,333.50,340.00,329.00,"23,984","8,032,759.1",131,339.90(12.9) ,327.00,334.92,379.00,281.00,"14,178.31"
2024-03-12,144,MLBS,785.00,772.20,795.00,745.00,"4,536","3,497,557.5",105,785.00(23) ,762.00,771.06,931.70,570.10,858.59
2024-03-12,145,MLBSL,"1,750.00","1,734.00","1,768.60","1,712.00",956,"1,660,148.1",66,"1,750.00(50) ","1,700.00","1,736.55","2,268.00","1,535.00","3,807.34"
2024-03-12,146,MMF1,7.44,7.16,7.49,7.16,"58,630","428,768.2",63,7.44(0.23) ,7.21,7.31,8.29,6.65,930.00
2024-03-12,147,MMFDB,580.00,561.00,590.40,561.00,"25,868","14,867,392.4",293,580.00(30) ,550.00,574.74,800.00,481.30,"3,861.43"
2024-03-12,148,MMFDBP,278.00,278.00,278.00,278.00,"2,000","556,000",2,278.00(0) ,278.00,278.00,483.00,278.00,55.60
2024-03-12,149,MMKJL,421.00,415.00,423.90,414.20,"10,380","4,356,170.5",252,421.00(2) ,419.00,419.66,478.00,225.00,"4,210.00"
2024-03-12,150,MNBBL,362.50,360.00,364.00,357.70,"37,401","13,483,204.7",308,362.50(6.5) ,356.00,360.50,446.00,343.60,"25,545.15"
2024-03-12,151,MPFL,367.00,365.00,371.00,362.00,"28,141","10,300,717.9",141,367.00(2) ,365.00,366.03,430.00,261.00,"2,239.43"
2024-03-12,152,MSHL,633.10,625.00,633.10,617.70,"1,762","1,102,537",119,633.10(13.2) ,619.90,625.73,832.50,294.20,"4,738.12"
2024-03-12,153,MSLB,"1,000.00",938.00,"1,023.00",892.00,"4,714","4,495,147.8",93,"1,000.00(62) ",938.00,953.57,"1,023.00",658.60,"3,223.79"
2024-03-12,154,NABBC,415.00,412.90,417.00,405.00,"2,856","1,175,984.8",35,415.00(9) ,406.00,411.75,460.00,342.10,"1,089.24"
2024-03-12,155,NABIL,469.00,458.70,470.00,455.00,"62,909","29,076,699",876,469.00(19.2) ,449.80,462.20,653.00,422.00,"126,897.32"
2024-03-12,156,NADEP,610.60,576.20,615.00,574.00,"38,526","22,795,036.4",319,610.60(45.6) ,565.00,591.67,693.00,455.00,"2,966.05"
2024-03-12,157,NBF2,8.35,7.85,8.35,7.85,"8,350","68,485",8,8.35(0.34) ,8.01,8.20,9.55,7.03,935.20
2024-03-12,158,NBF3,7.47,7.30,7.47,7.20,"27,680","204,517.6",44,7.47(0.16) ,7.31,7.38,8.04,6.74,933.75
2024-03-12,159,NBL,226.10,225.00,226.80,222.00,"29,437","6,603,747.6",235,226.10(4.1) ,222.00,224.33,280.00,213.00,"33,223.19"
2024-03-12,160,NCCD86,957.00,938.60,957.00,938.60,75,"70,855",3,957.00(36.8) ,920.20,944.73,"1,084.00",823.20,-
2024-03-12,161,NESDO,"1,794.00","1,750.00","1,800.00","1,725.00","3,971","7,010,846.7",136,"1,794.00(69) ","1,725.00","1,765.51","2,589.20","1,418.00","4,574.70"
2024-03-12,162,NFS,369.00,367.10,370.00,360.00,"52,061","19,074,978.8",243,369.00(6.5) ,362.50,366.39,390.00,255.50,"3,095.70"
2024-03-12,163,NGPL,313.80,310.00,315.80,307.00,"164,131","51,160,775.9",496,313.80(7.1) ,306.70,311.70,365.00,185.80,"5,809.31"
2024-03-12,164,NHDL,438.00,440.00,442.00,431.20,"5,507","2,403,067",45,438.00(4) ,434.00,436.36,483.00,303.00,"1,574.35"
2024-03-12,165,NHPC,165.00,165.50,168.80,162.60,"87,778","14,501,896.2",450,165.00(2.5) ,162.50,165.21,252.00,126.00,"4,069.62"
2024-03-12,166,NIBD2082,"1,039.00","1,040.00","1,040.00","1,037.50",159,"165,235",3,"1,039.00(19) ","1,020.00","1,039.21","1,055.00",890.10,-
2024-03-12,167,NIBD84,902.20,906.00,906.00,906.00,5,"4,511",1,902.20(-3.8) ,906.00,902.20,930.00,776.30,-
2024-03-12,168,NIBLGF,8.26,7.87,8.26,7.87,700,"5,590",6,8.26(0.26) ,8.00,7.98,10.64,7.19,"1,090.32"
2024-03-12,169,NIBSF2,7.65,7.38,7.65,7.38,"62,286","474,810.5",37,7.65(0.12) ,7.53,7.62,9.49,6.60,"1,147.50"
2024-03-12,170,NICA,433.50,428.40,434.00,422.00,"85,533","36,612,902.9",592,433.50(13.5) ,420.00,428.05,852.00,405.10,"64,667.65"
2024-03-12,171,NICAD8283,"1,060.00","1,060.00","1,060.00","1,060.00",214,"226,840",4,"1,060.00(5) ","1,055.00","1,060.00","1,170.00",967.00,-
2024-03-12,172,NICBF,8.72,8.70,8.72,8.70,"18,580","161,965.8",4,8.72(0.17) ,8.55,8.71,10.31,7.99,658.36
2024-03-12,173,NICD83/84,"1,025.10","1,025.10","1,025.10","1,025.10",25,"25,627.5",1,"1,025.10(20.1) ","1,005.00","1,025.10","1,097.50",870.00,-
2024-03-12,174,NICFC,8.70,8.50,8.70,8.48,"3,650","31,218",29,8.70(0.2) ,8.50,8.55,10.17,7.45,88.74
2024-03-12,175,NICGF,9.50,9.45,9.63,9.44,"12,800","122,910",12,9.50(-0.13) ,9.63,9.60,10.62,8.30,793.44
2024-03-12,176,NICGF2,8.31,7.75,8.31,7.75,"5,750","45,807.5",45,8.31(0.55) ,7.76,7.96,10.00,7.43,752.05
2024-03-12,177,NICL,892.00,855.00,892.70,855.00,"32,879","28,658,551",283,892.00(44.1) ,847.90,871.63,"1,023.00",494.00,"14,666.64"
2024-03-12,178,NICLBSL,605.00,587.00,608.00,572.00,"12,929","7,637,000.7",270,605.00(28) ,577.00,590.68,788.70,516.00,"10,523.61"
2024-03-12,179,NICSF,8.70,8.66,8.80,8.66,"2,200","19,103",10,8.70(-0.1) ,8.80,8.68,9.49,7.52,"1,087.50"
2024-03-12,180,NIFRA,219.00,215.90,220.00,213.50,"137,526","29,803,850.6",985,219.00(7.3) ,211.70,216.71,253.00,180.20,"47,304.00"
2024-03-12,181,NIL,827.60,825.00,831.00,812.00,"8,932","7,373,352.6",117,827.60(18.6) ,809.00,825.49,946.00,706.10,"16,654.30"
2024-03-12,182,NIMB,172.90,164.00,173.90,164.00,"134,520","22,563,112.8",464,172.90(8) ,164.90,167.73,217.00,160.00,"59,008.34"
2024-03-12,183,NIMBPO,140.10,138.00,140.40,138.00,"2,601","359,684.5",10,140.10(2.4) ,137.70,138.28,189.30,105.00,"25,648.86"
2024-03-12,184,NLBBL,595.00,565.00,595.00,555.00,"20,276","11,607,716.1",188,595.00(40.1) ,554.90,572.48,779.70,480.00,"4,355.40"
2024-03-12,185,NLG,805.10,801.00,814.90,791.60,"11,572","9,308,178.9",84,805.10(19.2) ,785.90,804.37,940.00,560.70,"12,394.81"
2024-03-12,186,NLIC,624.00,600.00,624.50,600.00,"60,426","37,275,476.8",530,624.00(26) ,598.00,616.87,820.00,585.00,"51,217.71"
2024-03-12,187,NLICL,586.00,576.30,597.70,570.00,"37,442","21,801,851.6",213,586.00(21) ,565.00,582.28,692.50,525.10,"29,368.37"
2024-03-12,188,NMB,197.70,186.10,197.70,183.00,"45,284","8,557,720.8",254,197.70(14) ,183.70,188.97,252.00,174.60,"36,310.98"
2024-03-12,189,NMB50,9.90,9.90,9.90,9.80,"4,520","44,483",6,9.90(0.15) ,9.75,9.84,11.50,8.66,"1,237.50"
2024-03-12,190,NMBMF,565.00,545.00,569.00,537.00,"10,031","5,551,902.5",108,565.00(30) ,535.00,553.47,689.00,463.60,"4,076.19"
2024-03-12,191,NMFBS,"1,220.00","1,145.00","1,230.90","1,140.00","25,205","30,098,523.3",371,"1,220.00(85.8) ","1,134.20","1,194.14","1,785.00",901.00,"13,227.32"
2024-03-12,192,NRIC,777.00,775.20,780.00,753.00,"29,866","22,871,905.7",321,777.00(17) ,760.00,765.81,856.00,585.00,"99,561.24"
2024-03-12,193,NRM,407.00,407.00,414.20,395.30,"107,499","43,507,870.5",969,407.00(0) ,407.00,404.72,492.50,205.90,"3,937.72"
2024-03-12,194,NRN,584.00,574.90,588.00,555.20,"172,711","99,155,365.7",547,584.00(20) ,564.00,574.11,641.00,280.60,"7,143.56"
2024-03-12,195,NSIF2,9.04,9.00,9.18,9.00,"1,300","11,750",10,9.04(0.01) ,9.03,9.03,10.00,7.31,"1,103.78"
2024-03-12,196,NTC,868.00,877.00,877.00,859.00,"24,704","21,384,289.7",377,868.00(8.1) ,859.90,865.62,"1,000.00",758.00,"156,240.00"
2024-03-12,197,NUBL,672.00,654.50,686.00,650.00,"25,150","16,735,659.5",204,672.00(28.1) ,643.90,665.43,815.00,512.10,"17,553.18"
2024-03-12,198,NWCL,784.50,765.20,786.40,765.20,"17,561","13,673,379.4",373,784.50(10.5) ,774.00,778.62,996.00,208.80,"5,393.44"
2024-03-12,199,NYADI,302.00,310.00,316.00,292.00,"27,555","8,299,809",284,302.00(-7.5) ,309.50,301.20,352.60,176.40,"4,530.00"
2024-03-12,200,OHL,792.00,790.50,795.60,780.00,"5,060","4,002,239.6",63,792.00(17) ,775.00,790.95,885.00,513.00,"8,934.48"
2024-03-12,201,PBD88,"1,001.10","1,000.10","1,001.10","1,000.10",125,"125,112.5",2,"1,001.10(1.1) ","1,000.00","1,000.90","1,013.00",800.10,-
2024-03-12,202,PCBL,200.90,195.00,200.90,195.00,"46,529","9,184,797.3",293,200.90(5.9) ,195.00,197.39,224.80,176.00,"38,979.77"
2024-03-12,203,PFL,379.80,368.00,379.80,368.00,"9,326","3,505,944.9",92,379.80(12.7) ,367.10,375.93,426.00,320.20,"4,111.55"
2024-03-12,204,PHCL,327.00,325.00,338.50,325.00,"57,993","19,135,491.9",470,327.00(1.5) ,325.50,329.96,386.00,216.00,"10,464.00"
2024-03-12,205,PMHPL,258.50,255.10,262.00,255.10,"9,385","2,434,918.7",64,258.50(3.5) ,255.00,259.44,286.70,151.50,"2,843.50"
2024-03-12,206,PMLI,550.00,520.00,555.00,520.00,"37,203","20,071,094.1",627,550.00(37) ,513.00,539.50,660.00,372.00,"23,628.00"
2024-03-12,207,PPCL,265.00,265.20,270.00,262.00,"19,314","5,106,506.9",118,265.00(5) ,260.00,264.39,365.80,196.00,"2,550.63"
2024-03-12,208,PPL,339.00,335.00,344.00,333.30,"19,429","6,557,498.9",275,339.00(3.9) ,335.10,337.51,427.00,198.10,"2,144.51"
2024-03-12,209,PRIN,808.00,775.00,823.00,770.10,"36,227","28,603,819.9",163,808.00(37) ,771.00,789.57,897.00,435.00,"11,119.07"
2024-03-12,210,PROFL,323.30,321.30,325.00,316.10,"27,080","8,687,674.1",142,323.30(8.3) ,315.00,320.81,465.00,269.10,"2,767.79"
2024-03-12,211,PRSF,8.67,8.50,8.67,8.38,"12,625","108,298.42",10,8.67(0.12) ,8.55,8.57,10.06,7.45,867.00
2024-03-12,212,PRVU,150.00,149.90,150.60,146.20,"94,872","14,094,810.6",442,150.00(3) ,147.00,148.56,206.00,139.50,"35,313.73"
2024-03-12,213,PSF,8.50,8.34,8.50,8.34,"3,361","28,459.5",16,8.50(0.01) ,8.49,8.46,9.79,7.15,"1,062.50"
2024-03-12,214,RADHI,259.50,257.30,262.10,251.90,"52,820","13,510,145.9",244,259.50(7.2) ,252.30,255.77,301.00,200.60,"4,555.75"
2024-03-12,215,RAWA,486.90,493.00,502.00,476.00,"13,813","6,679,368.5",118,486.90(-3.1) ,490.00,483.55,552.00,249.30,"1,363.32"
2024-03-12,216,RBCL,"14,325.00","14,340.00","14,376.90","13,818.00",380,"5,382,082",32,"14,325.00(225) ","14,100.00","14,163.37","17,140.00","12,200.00","38,195.68"
2024-03-12,217,RBCLPO,"11,300.00","11,249.50","11,445.00","11,216.10",170,"1,922,475",13,"11,300.00(269.9) ","11,030.10","11,308.67","15,909.90","10,045.00","20,072.14"
2024-03-12,218,RFPL,367.20,361.10,370.90,356.00,"78,403","28,721,662.9",577,367.20(13.1) ,354.10,366.33,383.00,193.80,"2,570.40"
2024-03-12,219,RHGCL,299.50,300.00,305.00,296.50,"19,164","5,752,531.8",218,299.50(-0.8) ,300.30,300.17,353.20,184.50,"1,835.32"
2024-03-12,220,RHPL,292.00,295.80,295.80,286.20,"26,600","7,736,786.3",173,292.00(2) ,290.00,290.85,371.00,239.00,"17,981.04"
2024-03-12,221,RIDI,200.00,197.80,200.00,194.20,"69,845","13,790,020.1",344,200.00(6) ,194.00,197.43,356.00,176.60,"4,646.70"
2024-03-12,222,RLFL,371.00,373.90,373.90,364.90,"16,107","5,932,026.1",109,371.00(4) ,367.00,368.28,422.00,268.00,"4,160.59"
2024-03-12,223,RMF1,7.74,7.63,7.87,7.54,"5,350","41,339",16,7.74(0.11) ,7.63,7.72,8.55,6.82,967.50
2024-03-12,224,RMF2,8.50,8.23,8.50,8.23,"2,300","19,058",13,8.50(0.24) ,8.26,8.28,10.64,7.23,719.20
2024-03-12,225,RNLI,477.00,444.00,477.00,444.00,"92,829","43,158,649.3","1,677",477.00(32.5) ,444.50,464.92,612.00,390.00,"22,132.80"
2024-03-12,226,RSDC,596.00,576.00,596.00,570.00,"24,745","14,392,297.4",323,596.00(31) ,565.00,581.62,676.00,461.00,"5,628.33"
2024-03-12,227,RURU,720.00,720.10,723.10,707.80,"1,834","1,314,009.7",52,720.00(0) ,720.00,716.47,842.00,674.30,"3,551.93"
2024-03-12,228,SABSL,670.00,631.00,670.00,631.00,"4,368","2,882,129.2",75,670.00(37.6) ,632.40,659.82,811.00,522.60,"2,134.62"
2024-03-12,229,SADBL,310.70,307.00,311.00,304.30,"31,619","9,743,874.3",139,310.70(4.7) ,306.00,308.16,352.90,263.50,"10,660.03"
2024-03-12,230,SAEF,9.86,9.79,10.00,9.79,"32,650","324,392",16,9.86(-0.12) ,9.98,9.93,12.30,8.85,"1,281.80"
2024-03-12,231,SAGF,8.45,8.37,8.59,8.37,"1,700","14,444",9,8.45(-0.05) ,8.50,8.49,10.00,7.20,568.29
2024-03-12,232,SAHAS,545.00,535.00,550.80,535.00,"18,202","9,877,413.8",444,545.00(10) ,535.00,542.65,610.00,402.80,"19,075.00"
2024-03-12,233,SALICO,705.00,691.50,705.30,680.30,"12,046","8,378,554.8",120,705.00(27) ,678.00,695.54,805.00,551.40,"18,489.60"
2024-03-12,234,SAMAJ,"1,795.00","1,739.00","1,836.00","1,734.10","1,606","2,825,331.8",70,"1,795.00(61) ","1,734.00","1,759.23","2,393.90",64.80,410.16
2024-03-12,235,SANIMA,248.00,246.00,249.00,245.00,"38,505","9,483,705.5",215,248.00(6) ,242.00,246.29,310.00,225.50,"33,682.18"
2024-03-12,236,SAPDBL,271.90,261.50,272.30,261.50,"22,957","6,131,455.9",140,271.90(10) ,261.90,267.08,291.00,211.70,"2,268.57"
2024-03-12,237,SBCF,7.80,7.50,7.80,7.50,"1,301","9,872.65",10,7.80(0.15) ,7.65,7.58,9.68,6.90,975.00
2024-03-12,238,SBI,298.00,291.00,298.70,291.00,"18,410","5,461,579.4",119,298.00(4) ,294.00,296.66,378.40,278.00,"31,290.45"
2024-03-12,239,SBID83,"1,016.00","1,015.00","1,017.10","1,015.00",125,"127,019",3,"1,016.00(2) ","1,014.00","1,016.15","1,038.00",878.20,-
2024-03-12,240,SBL,233.00,227.00,233.50,225.00,"26,861","6,192,241.4",161,233.00(8) ,225.00,230.52,291.70,212.20,"32,829.65"
2024-03-12,241,SBLD2082,"1,015.00","1,015.00","1,015.00","1,015.00",25,"25,375",1,"1,015.00(2.8) ","1,012.20","1,015.00","1,081.00",938.40,-
2024-03-12,242,SCB,539.60,525.00,540.00,520.40,"30,695","16,274,849.2",157,539.60(18.3) ,521.30,530.21,582.00,495.00,"50,881.33"
2024-03-12,243,SDLBSL,658.00,641.00,660.00,641.00,"9,745","6,332,098.4",130,658.00(29.4) ,628.60,649.77,829.00,519.20,"2,515.26"
2024-03-12,244,SEF,8.43,7.69,8.43,7.69,"11,920","95,127.85",9,8.43(0.59) ,7.84,7.98,9.43,7.16,"1,264.50"
2024-03-12,245,SFCL,321.90,316.30,323.30,313.00,"29,675","9,440,947.3",200,321.90(6.9) ,315.00,318.14,355.00,246.20,"2,636.08"
2024-03-12,246,SFEF,7.67,7.54,7.79,7.54,700,"5,355",6,7.67(-0.01) ,7.68,7.65,10.00,7.35,767.00
2024-03-12,247,SFMF,9.63,9.45,9.63,9.45,"5,325","50,611.75",3,9.63(0.03) ,9.60,9.50,11.67,8.80,828.18
2024-03-12,248,SGHC,315.00,320.40,325.00,311.00,"14,042","4,398,125.7",181,315.00(0.8) ,314.20,313.21,407.00,205.10,"5,017.95"
2024-03-12,249,SGIC,557.00,547.20,557.90,537.50,"61,348","33,774,902",494,557.00(20) ,537.00,550.54,710.90,412.20,"11,140.00"
2024-03-12,250,SHEL,219.90,219.00,226.80,212.00,"7,835","1,719,145.2",146,219.90(4.9) ,215.00,219.41,341.00,193.20,"6,377.10"
2024-03-12,251,SHINE,383.70,379.00,385.50,377.20,"48,709","18,573,408.6",326,383.70(11.2) ,372.50,381.31,435.00,300.20,"18,163.17"
2024-03-12,252,SHIVM,554.00,541.00,557.00,541.00,"673,706","371,933,786","2,770",554.00(17) ,537.00,552.07,680.00,389.80,"27,849.58"
2024-03-12,253,SHL,464.90,452.80,469.00,437.10,"135,840","62,019,880.5",426,464.90(20.9) ,444.00,456.56,536.00,218.00,"43,187.06"
2024-03-12,254,SHLB,942.00,910.00,958.90,898.00,"4,639","4,361,882.5",99,942.00(42) ,900.00,940.26,"1,515.00",777.00,"1,030.31"
2024-03-12,255,SHPC,352.00,351.40,353.00,348.20,"28,402","9,967,683.5",196,352.00(5) ,347.00,350.95,403.00,282.30,"11,961.58"
2024-03-12,256,SICL,735.00,725.00,736.00,715.00,"15,542","11,248,814.6",176,735.00(24) ,711.00,723.76,926.00,676.00,"19,513.86"
2024-03-12,257,SIFC,378.00,369.50,379.00,362.30,"24,129","8,992,824.6",111,378.00(15.7) ,362.30,372.69,408.00,293.20,"3,710.76"
2024-03-12,258,SIGS2,8.46,8.25,8.80,8.25,"153,570","1,326,037",10,8.46(0.37) ,8.09,8.63,9.60,6.92,"1,015.20"
2024-03-12,259,SIKLES,493.00,490.00,494.70,480.00,"4,084","1,995,150",81,493.00(11) ,482.00,488.52,555.00,315.00,"4,190.50"
2024-03-12,260,SINDU,341.80,345.00,347.80,339.20,"24,479","8,401,984.2",110,341.80(0.8) ,341.00,343.23,348.00,227.70,"1,905.38"
2024-03-12,261,SJCL,293.10,289.60,295.00,285.00,"11,212","3,255,544.6",157,293.10(9.1) ,284.00,290.36,359.00,232.10,"9,628.33"
2024-03-12,262,SJLIC,518.00,490.00,524.00,490.00,"69,873","35,688,812.2",622,518.00(31.8) ,486.20,510.76,646.00,407.10,"23,546.06"
2024-03-12,263,SKBBL,874.00,859.80,874.50,851.00,"13,935","12,040,676.7",212,874.00(31) ,843.00,864.06,"1,060.00",755.00,"33,267.71"
2024-03-12,264,SLBBL,692.00,672.10,695.00,656.30,"28,208","19,013,697.2",179,692.00(33) ,659.00,674.05,800.80,523.00,"4,644.05"
2024-03-12,265,SLCF,7.60,7.48,7.62,7.40,"5,500","41,634",16,7.60(-0.03) ,7.63,7.56,8.92,6.87,912.00
2024-03-12,266,SMATA,655.00,628.80,660.00,620.00,"3,230","2,083,088.4",68,655.00(38.5) ,616.50,644.91,769.80,552.00,"2,581.72"
2024-03-12,267,SMB,"1,144.00","1,069.00","1,145.00","1,069.00","4,021","4,487,815.4",110,"1,144.00(94) ","1,050.00","1,116.09","1,145.00",812.00,"1,231.16"
2024-03-12,268,SMFBS,"1,017.50",943.00,"1,017.50",907.00,"5,308","5,263,566.3",87,"1,017.50(92.5) ",925.00,991.62,"1,280.00",717.40,"1,486.96"
2024-03-12,269,SMH,690.00,675.10,693.90,663.10,"9,449","6,521,026",62,690.00(6) ,684.00,690.12,785.00,391.00,"3,450.00"
2024-03-12,270,SMHL,455.00,450.00,461.00,448.10,"35,368","15,982,398",257,455.00(7) ,448.00,451.88,540.60,310.00,"9,555.00"
2024-03-12,271,SMJC,380.00,384.00,385.00,375.00,"51,654","19,578,723.5",451,380.00(3) ,377.00,379.03,449.00,215.00,"4,256.00"
2024-03-12,272,SNLI,635.10,600.00,639.90,598.00,"266,097","165,229,093","3,025",635.10(40.1) ,595.00,620.93,639.90,396.10,"20,323.20"
2024-03-12,273,SONA,526.90,517.50,532.00,511.00,"461,155","240,962,323.9","4,291",526.90(19.5) ,507.40,522.51,575.00,230.00,"16,202.44"
2024-03-12,274,SPC,581.00,598.70,622.00,576.00,"14,371","8,390,776.2",159,581.00(-6) ,587.00,583.86,766.00,307.80,"2,905.00"
2024-03-12,275,SPDL,263.80,259.00,264.10,255.00,"57,425","14,928,524.2",209,263.80(9.8) ,254.00,259.96,318.90,160.00,"3,191.62"
2024-03-12,276,SPHL,476.00,480.00,484.00,467.50,"5,140","2,441,478.5",68,476.00(-4) ,480.00,474.99,598.00,294.00,"1,428.00"
2024-03-12,277,SPIL,780.00,768.00,783.00,761.30,"29,025","22,426,863.9",273,780.00(20) ,760.00,772.67,837.00,534.00,"21,891.09"
2024-03-12,278,SPL,672.00,655.00,673.00,655.00,"3,942","2,635,202",60,672.00(7.1) ,664.90,668.49,"1,073.30",395.00,"1,344.00"
2024-03-12,279,SRLI,480.00,445.00,483.00,445.00,"69,662","32,689,744.9",779,480.00(30) ,450.00,469.26,619.90,388.10,"20,083.20"
2024-03-12,280,SSHL,174.50,171.00,176.00,171.00,"36,290","6,326,866.6",166,174.50(2.9) ,171.60,174.34,241.00,133.00,"2,576.32"
2024-03-12,281,STC,"5,286.00","5,205.00","5,295.00","5,200.00","1,850","9,714,720",74,"5,286.00(86) ","5,200.00","5,251.20","5,900.00","3,590.00","14,741.83"
2024-03-12,282,SWBBL,770.00,748.50,778.00,748.50,"23,963","18,458,379.5",188,770.00(36) ,734.00,770.28,942.00,653.70,"11,165.00"
2024-03-12,283,SWMF,711.10,701.00,729.00,701.00,"16,767","12,044,304.6",170,711.10(16.1) ,695.00,718.33,793.10,539.10,"6,476.58"
2024-03-12,284,TAMOR,404.00,410.00,410.00,399.00,"47,544","19,198,922.6",496,404.00(0) ,404.00,403.81,454.00,230.10,"13,463.30"
2024-03-12,285,TPC,541.00,530.00,552.70,528.00,"8,347","4,478,094.5",112,541.00(1) ,540.00,536.49,723.00,301.20,"2,164.00"
2024-03-12,286,TRH,800.00,780.00,810.00,777.00,"10,202","8,158,295.8",99,800.00(15) ,785.00,799.67,979.20,445.10,"15,696.96"
2024-03-12,287,TSHL,483.00,477.90,493.00,477.90,"12,657","6,099,796.1",132,483.00(-1.9) ,484.90,481.93,655.00,227.70,"2,378.78"
2024-03-12,288,TVCL,540.00,541.70,552.00,530.00,"10,246","5,486,663.9",164,540.00(8.9) ,531.10,535.49,660.00,268.00,"10,003.50"
2024-03-12,289,UAIL,572.30,561.00,575.20,553.10,"20,020","11,351,067.6",231,572.30(22.3) ,550.00,566.98,696.00,406.10,"12,018.30"
2024-03-12,290,UHEWA,357.00,348.00,364.00,346.20,"9,649","3,400,080.5",149,357.00(2.1) ,354.90,352.37,439.00,250.80,"1,785.00"
2024-03-12,291,ULBSL,"1,220.20","1,192.00","1,242.00","1,170.00","3,640","4,399,002.8",88,"1,220.20(50.7) ","1,169.50","1,208.51","1,683.00",944.80,"1,295.22"
2024-03-12,292,ULHC,328.10,331.00,334.00,327.00,"13,433","4,438,487.9",286,328.10(0.6) ,327.50,330.41,371.00,217.10,"1,672.67"
2024-03-12,293,UMHL,269.50,273.00,273.00,262.00,"51,816","13,768,897.9",243,269.50(1.5) ,268.00,265.72,309.00,167.00,"3,316.20"
2024-03-12,294,UMRH,372.90,373.50,378.90,365.00,"35,918","13,290,952.1",204,372.90(1.4) ,371.50,370.03,529.80,261.30,"1,652.32"
2024-03-12,295,UNHPL,259.50,260.00,261.00,256.00,"82,403","21,288,783.4",306,259.50(1.7) ,257.80,258.34,280.50,156.00,"1,946.25"
2024-03-12,296,UNL,"40,000.00","39,699.90","40,494.00","39,684.20",130,"5,190,750.9",8,"40,000.00(1,010) ","38,990.00","39,928.85","45,151.00","19,750.00","36,828.00"
2024-03-12,297,UNLB,"1,454.00","1,402.30","1,473.00","1,402.30","5,737","8,216,216",202,"1,454.00(67.2) ","1,386.80","1,432.14","2,135.10",922.00,"2,160.28"
2024-03-12,298,UPCL,222.00,221.30,222.70,218.00,"88,013","19,375,634.2",420,222.00(5) ,217.00,220.14,264.00,168.00,"5,061.44"
2024-03-12,299,UPPER,204.00,200.90,205.00,196.90,"108,916","22,062,199.4",780,204.00(-1) ,205.00,202.56,514.00,190.00,"43,207.20"
2024-03-12,300,USHEC,370.10,372.00,373.00,362.00,"12,785","4,708,326",164,370.10(-1.9) ,372.00,368.26,422.00,208.20,"4,996.35"
2024-03-12,301,USHL,489.00,495.00,495.00,476.40,"3,831","1,848,416.6",86,489.00(1.1) ,487.90,482.48,597.00,253.60,"1,075.80"
2024-03-12,302,USLB,"1,450.90","1,345.30","1,450.90","1,345.30","14,212","19,981,416.5",252,"1,450.90(131.9) ","1,319.00","1,405.95","1,450.90",591.10,"3,581.78"
2024-03-12,303,VLBS,662.20,653.80,673.00,648.00,"6,502","4,271,474.5",88,662.20(21.2) ,641.00,656.94,795.60,546.10,"4,933.66"
2024-03-12,304,VLUCL,536.10,533.00,540.00,530.00,"27,030","14,409,627",565,536.10(3.1) ,533.00,533.09,608.00,365.30,"10,252.91"
2024-03-12,305,WNLB,955.90,886.00,955.90,886.00,"4,317","4,104,571",101,955.90(86.9) ,869.00,950.79,973.00,680.00,757.18
